<?xml version="1.0" encoding="UTF-8"?>
<project-private xmlns="http://www.netbeans.org/ns/project-private/1">
    <editor-bookmarks xmlns="http://www.netbeans.org/ns/editor-bookmarks/2" lastBookmarkId="0"/>
    <open-files xmlns="http://www.netbeans.org/ns/projectui-open-files/2">
        <group>
            <file>file:/D:/NetBeans/pert_9/latihan_praktek/latihan3/latihan3/src/latihan3/Latihan3.java</file>
        </group>
        <group name="Program 2">
            <file>file:/C:/Users/willi/Desktop/latihan_praktek/latihan3/latihan3/src/latihan3/Latihan3.java</file>
        </group>
    </open-files>
</project-private>
