<?xml version="1.0" encoding="UTF-8"?>
<project-private xmlns="http://www.netbeans.org/ns/project-private/1">
    <editor-bookmarks xmlns="http://www.netbeans.org/ns/editor-bookmarks/2" lastBookmarkId="0"/>
    <open-files xmlns="http://www.netbeans.org/ns/projectui-open-files/2">
        <group>
            <file>file:/D:/NetBeans/pert_9/latihan_praktek/latihan1/latihan1/src/latihan1/Latihan1.java</file>
        </group>
        <group name="Program 2"/>
    </open-files>
</project-private>
